movie_clean,anger,disgust,fear,joy,neutral,sadness,surprise,sentiment_score,dominant_emotion,dominant_strength
12 Angry Men,0.1295986567115919,0.08423255587166006,0.1671132008566267,0.018670554251664064,0.552278970791535,0.02112420453605327,0.026981841391799124,0.28339898586273193,neutral,0.552278970791535
12 Years a Slave,0.12090966169489548,0.2318600355880335,0.08558172306511551,0.012726283294614404,0.1721972653642297,0.36260572178289296,0.014119335031136871,0.20541491508483886,sadness,0.36260572178289296
12th Fail,0.05411470262333751,0.04974854877218604,0.023407004633918406,0.2815703003667295,0.5004644135013223,0.017464633146300913,0.07323038810864091,0.3605800688266754,neutral,0.5004644135013223
1917,0.06261504897847772,0.1351015542401001,0.12366379343438894,0.20285948214586824,0.28656344609335066,0.01489000238943845,0.17430667905136943,0.6092807531356812,neutral,0.28656344609335066
2001: A Space Odyssey,0.009419174378060481,0.04879603900057687,0.2506299403665418,0.15321842056106438,0.43423426151275635,0.02567731725602326,0.078024869594215,0.5834820704026655,neutral,0.43423426151275635
3 Idiots,0.10247802975354717,0.16164272862952203,0.03162580591160804,0.18540727036306634,0.29439403344877063,0.19236584266182036,0.03208628641441465,0.5917282640933991,neutral,0.29439403344877063
A Beautiful Mind,0.06180311161601408,0.11784440900241448,0.18397799139546062,0.16739077178168704,0.34915462419898674,0.06645225688010793,0.053376828277991575,0.5795401226390492,neutral,0.34915462419898674
A Clockwork Orange,0.07865244601006535,0.29633156648329034,0.19575599518562245,0.020914868837942115,0.3394113235514272,0.015402960749766366,0.05353081182957711,0.2854950265450911,neutral,0.3394113235514272
A Separation,0.08875751855190504,0.08146155907095155,0.0317673467268998,0.23623133891008116,0.3489495382051576,0.15121869764036752,0.061613984892822125,0.6520397067070007,neutral,0.3489495382051576
A Silent Voice: The Movie,0.06134876220021397,0.09605233035981656,0.012340337329078466,0.3524424184113741,0.3738833248615265,0.09132456295192241,0.01260827830992639,0.9995442211627961,neutral,0.3738833248615265
Alien,0.027296072337776423,0.0987363598542288,0.3705250391503796,0.05587182145100087,0.35403756331652403,0.008679976989515125,0.0848531666211784,0.20045396089553832,fear,0.3705250391503796
Aliens,0.08482014907058329,0.07671341691166163,0.3841084331506863,0.004557569161988795,0.2846928327344358,0.14147392576560378,0.023633668990805747,-0.10407046675682068,fear,0.3841084331506863
All About Eve,0.10701496979560364,0.07405891794372689,0.09700318945529447,0.18959453706206245,0.4887087403542616,0.015317129309881817,0.02830250923183154,0.8021719509905035,neutral,0.4887087403542616
Amadeus,0.03399578365497291,0.13288587126880885,0.1005767883732915,0.16623947555199264,0.2819118365645409,0.17985835745930673,0.10453189087565988,0.6029803633689881,neutral,0.2819118365645409
American Beauty,0.15232902081598612,0.046525631438602104,0.1753538200547072,0.056059489894488994,0.283103421584449,0.2229818839749152,0.06364674637602134,0.4693943966518749,neutral,0.283103421584449
American History X,0.11319595947861671,0.2090643672272563,0.16410789293745023,0.06227791582403535,0.26232114976102655,0.15483543056656013,0.03419728199316358,0.596619882366874,neutral,0.26232114976102655
Amélie,0.008775147027336061,0.024376038426999,0.15552470681723207,0.418996345216874,0.25054614041000606,0.031781681335996834,0.1099999323952943,0.8119380235671997,joy,0.418996345216874
Apocalypse Now,0.029847069347107954,0.2779111363078383,0.06967117383398792,0.08142696451184085,0.36611758037046954,0.11317909504710273,0.061846974602138456,0.1780384128743952,neutral,0.36611758037046954
Avengers: Endgame,0.032633295811882075,0.021780284227464686,0.017723964252085847,0.08218810868195513,0.613631513308395,0.1537121780724688,0.07833066743544558,0.6537441340359774,neutral,0.613631513308395
Avengers: Infinity War,0.023625669450583784,0.02667936037125235,0.10454920002005318,0.1231859656135467,0.58636014028029,0.06372393915345045,0.07187573586336592,0.5910130739212036,neutral,0.58636014028029
Back to the Future,0.12437095399945974,0.10630031196739186,0.04267638528042219,0.16313876627563415,0.5009701211344112,0.021979057441719553,0.040564393074336375,0.2341275323521007,neutral,0.5009701211344112
Barry Lyndon,0.046115749469026926,0.06051891413517296,0.047552852495573464,0.02830949886702001,0.4870717141777277,0.0944325590506196,0.23599869672907517,0.26082122325897217,neutral,0.4870717141777277
Batman Begins,0.020710577997802335,0.11039365044879643,0.3010040600678291,0.1208367644682188,0.25628954553129996,0.056482232281599536,0.1342831702945246,-0.06680962714281949,fear,0.3010040600678291
Before Sunrise,0.05629797335714102,0.04053924586623907,0.00885222190991044,0.14587731566280127,0.44178387634456157,0.04307148914085701,0.26357790348120036,0.7866352736949921,neutral,0.44178387634456157
Before Sunset,0.005590658099390566,0.03291823486797511,0.02713957098312676,0.20427416977472604,0.32204849142581227,0.3912241399055347,0.016804741881787776,0.998889821767807,sadness,0.3912241399055347
Ben-Hur,0.1767585273599252,0.18628543713130058,0.02990078383591026,0.17578046186827123,0.2853838879615068,0.12196780233643949,0.023923107283189894,0.07528445720672608,neutral,0.2853838879615068
Bicycle Thieves,0.00844464419324967,0.09545618596232751,0.018364786244505507,0.2096605506852608,0.3734888322651386,0.1787138564977795,0.11587115404704078,0.6807053956118497,neutral,0.3734888322651386
Blade Runner,0.04534625108353794,0.13717542001977562,0.03841004273854196,0.05370523855090141,0.514421958848834,0.11020385762676596,0.10073725190013647,0.6073176145553589,neutral,0.514421958848834
Braveheart,0.20358497030101716,0.05932755270041525,0.14526320775039495,0.1800977266044356,0.26373108171392234,0.08896362241357565,0.0590318602451589,0.59994757771492,neutral,0.26373108171392234
Capernaum,0.2571516756899655,0.08933527804911137,0.10420395778492093,0.08179104164009914,0.34024065239354967,0.0849402517080307,0.04233709151158109,0.16403477787971496,neutral,0.34024065239354967
Casablanca,0.011500347522087395,0.02333868104033172,0.010694729955866933,0.3254146406427026,0.525497418269515,0.06296908187214285,0.04058510530740023,0.7574974358081817,neutral,0.525497418269515
Casino,0.10913162026554346,0.06825629970990121,0.25176393585279583,0.10887429451104254,0.41531019415706394,0.017882512556388973,0.028781178337521852,-0.004446333646774292,neutral,0.41531019415706394
Catch Me If You Can,0.030221008592181735,0.026639880043350987,0.015842841860527795,0.5660212680490481,0.32257500228782493,0.00990498503152695,0.02879500011396077,0.5559520853890313,joy,0.5660212680490481
Children of Heaven,0.06967561539495364,0.05855251856846735,0.020705745735904203,0.5673824165016412,0.20783086912706494,0.052955896710045636,0.02289695180952549,0.9956245064735413,joy,0.5673824165016412
Chinatown,0.042724706185981634,0.07633837326429785,0.0723305479856208,0.07153962582815439,0.4501724820584059,0.18616072966251523,0.10073352851904929,0.779359620809555,neutral,0.4501724820584059
Cinema Paradiso,0.030901766604405235,0.09706094582692128,0.05273882655257529,0.12489860646680674,0.35807241567156534,0.2055626769169149,0.1307647522030906,0.42687417702241376,neutral,0.35807241567156534
Citizen Kane,0.027029518609527837,0.07573173889382319,0.18675437620417637,0.05373205471021885,0.4904844117435542,0.07209408274767073,0.09417382289062846,0.4162008762359619,neutral,0.4904844117435542
City Lights,0.015665149443190206,0.11955004945312711,0.1525261308362877,0.19662648731503973,0.37342068942433054,0.036505180135877294,0.10570632632483136,0.7364215850830078,neutral,0.37342068942433054
City of God,0.057886919832195745,0.107811778773215,0.324943751975132,0.09398337345654992,0.30818155797367747,0.005816005117429251,0.10137661346181465,0.9330433281985197,fear,0.324943751975132
Coco,0.017827420332469045,0.019569280091673136,0.098787028004881,0.3705302224028856,0.3806429786607623,0.024070234270766377,0.08857282099779695,0.7961147964000702,neutral,0.3806429786607623
Come and See,0.06888770693066446,0.29089158889837563,0.2114193472291597,0.06286100150530481,0.1991365828805349,0.1389451582958414,0.027858616001057355,0.0932968096299605,disgust,0.29089158889837563
Dangal,0.0873884855536744,0.019578968128189444,0.027757924812613056,0.3495631621219218,0.30814074780792,0.17962230036500842,0.027948419330641627,0.9945796728134155,joy,0.3495631621219218
Das Boot,0.01300341467722319,0.0442131788469851,0.2963841727701947,0.2889238940901123,0.18461192892864348,0.011036833701655268,0.1618265833472833,0.8028098583221436,fear,0.2963841727701947
Dead Poets Society,0.026329198270104825,0.05552255513612181,0.3136793002486229,0.10422575939446688,0.27718630619347095,0.1289154543308541,0.09414139157161117,0.5649802267551423,fear,0.3136793002486229
Demon Slayer: Kimetsu no Yaiba - The Movie: Mugen Train,0.02680166502779519,0.05649693835188042,0.1674995441413061,0.39436229572377424,0.20486790483648126,0.11629916384646838,0.033672476949339565,0.9575943892652338,joy,0.39436229572377424
Demon Slayer: Kimetsu no Yaiba- The Movie - Infinity Castle,0.026499248617752033,0.026768489116379482,0.09837307697373697,0.34849885254251683,0.3716604154218327,0.031128522431985897,0.09707138179378076,0.9873228452422402,neutral,0.3716604154218327
Dial M for Murder,0.054668734590946275,0.2531304930082776,0.13778388815593312,0.05203072118985636,0.3618807571262799,0.0860557626213201,0.05444962814958258,-0.0930375185879794,neutral,0.3618807571262799
Die Hard,0.05874403533525765,0.0661119727184996,0.01421525358746294,0.18855762151069938,0.5639608806930483,0.03021984063088894,0.07819040468893945,0.4035387396812439,neutral,0.5639608806930483
Django Unchained,0.12809704155237836,0.25846577886576677,0.03290698380971497,0.0851397223093293,0.3887330771169879,0.05392358240417459,0.05273384801958772,-0.20223728635094382,neutral,0.3887330771169879
Double Indemnity,0.0738637898625298,0.13381767744960432,0.08978456660935824,0.12792831196830692,0.5277312780645761,0.02157684500244531,0.025297532069750807,0.46272304925051605,neutral,0.5277312780645761
Downfall,0.04648744910955429,0.19345415830612184,0.3786023355089128,0.013558859011391177,0.1297411324456334,0.13160477760247885,0.10655126413330436,0.5911982834339142,fear,0.3786023355089128
Dr. Strangelove or: How I Learned to Stop Worrying and Love the Bomb,0.16620193791723895,0.08838372172745453,0.21127772174606269,0.14940632923654365,0.1060309572653337,0.2631737653123723,0.015525583728131924,0.3102643923325972,sadness,0.2631737653123723
Drishyam,0.048715535132214424,0.018792540091089903,0.1116920538013801,0.33252924904227255,0.3812173645943403,0.011861111689358949,0.09519213179592043,0.9998282790184021,neutral,0.3812173645943403
Dune: Part Two,0.04709463566541672,0.10450306924229319,0.03902806725818664,0.08777822204865515,0.638226352293383,0.0068298861257393255,0.07653976913372224,0.5837009440768849,neutral,0.638226352293383
Eternal Sunshine of the Spotless Mind,0.00785448209551925,0.010057943619110367,0.10000005752821876,0.3589934677054936,0.27267536360093136,0.1067313958086412,0.14368729191747578,0.4788584817539562,joy,0.3589934677054936
Fargo,0.015413267654366791,0.06642306501744315,0.016112970502581446,0.4367019067518413,0.3434603653848171,0.07875464926473796,0.04313375479541719,0.8165470123291015,joy,0.4367019067518413
Fight Club,0.05453854762017727,0.22118093725293875,0.24577535812277346,0.09110418045893312,0.3271631561219692,0.04535930147394538,0.014878515817690641,0.7904922246932984,neutral,0.3271631561219692
Finding Nemo,0.011876025279475884,0.0402051968796348,0.12621432457076895,0.357709192734381,0.31060507521033287,0.04985189224085347,0.10353828301991928,0.45025454326109454,joy,0.357709192734381
For a Few Dollars More,0.12223114953799681,0.08161557190628214,0.023599994675764305,0.09027499849484726,0.579170437021689,0.019685427912256935,0.083422417815944,-0.03132051771337336,neutral,0.579170437021689
Ford v Ferrari,0.015798114566132428,0.11686614705249668,0.007572577893733978,0.13328526726691053,0.6583626963198185,0.01580590009689331,0.052309314557351175,0.2153519868850708,neutral,0.6583626963198185
Forrest Gump,0.06629882158118892,0.10679303350943056,0.02227272821420973,0.2315171675079248,0.4448320007121021,0.0949473624244671,0.033338914096186105,0.7959841218861666,neutral,0.4448320007121021
Full Metal Jacket,0.01181636064906012,0.4029938559132544,0.07095287324310365,0.07469932895831087,0.31378710794855247,0.10170947000468997,0.02404101175488904,0.3926503983410922,disgust,0.4029938559132544
Gangs of Wasseypur,0.08903992152772844,0.15410940609872342,0.04647143092006445,0.2077666791388765,0.4404221471399069,0.012060351530089974,0.05013005472719669,0.9998405277729034,neutral,0.4404221471399069
Gladiator,0.0685523864813149,0.14341060754377394,0.11123573118820787,0.11093310486176051,0.5015371662564576,0.05686202479992062,0.007469001575373113,-0.0014636516571044922,neutral,0.5015371662564576
Gone Girl,0.01501007042825222,0.12988893754663877,0.17182684405706822,0.2667639196384698,0.3069930713623762,0.09329379219561815,0.016223367094062267,0.596002733707428,neutral,0.3069930713623762
Gone with the Wind,0.0252302327002822,0.13083841357464818,0.013397160092030059,0.08493518667422574,0.4236219665882262,0.15731870687820695,0.1646583526479927,0.43358703634955664,neutral,0.4236219665882262
Good Will Hunting,0.024179555888457053,0.016659108075228603,0.06527362623654137,0.17814885119018567,0.37924904096871614,0.1959044291341508,0.14058537939986723,0.5941495895385742,neutral,0.37924904096871614
Goodfellas,0.0341652313247323,0.27536894141230733,0.04008742803707719,0.16208621531841344,0.4205789488274604,0.05218729618936777,0.015525943133980036,0.7610410928726197,neutral,0.4205789488274604
Gran Torino,0.18921866135206072,0.11055120379896835,0.0703826961631421,0.12219251783099025,0.26771992789581417,0.16013268772512673,0.07980233968701214,0.5648710429668427,neutral,0.26771992789581417
Grave of the Fireflies,0.008025413273241033,0.09750579462640664,0.0167065577539192,0.09445383899252523,0.24078655124387957,0.521363210356371,0.021158631150187415,0.4075147347016768,sadness,0.521363210356371
Green Book,0.021601508464664222,0.0778324942511972,0.046076494397129866,0.06713273816276341,0.3038066575303674,0.09455798254348338,0.3889921034220606,-0.009530019760131837,surprise,0.3889921034220606
Hachi: A Dog's Tale,0.01704203352564946,0.2240998940076679,0.008240777545142918,0.10012243553064763,0.33439539223909376,0.30739587945863606,0.008703575190156698,0.9996557772159577,neutral,0.33439539223909376
Hacksaw Ridge,0.11673665042035282,0.14868106860667468,0.1456447630538605,0.07396204096730799,0.38378625698387625,0.11281996020115911,0.01836927452823147,0.23322713971138,neutral,0.38378625698387625
Hamilton,0.018037185072898865,0.02476695671211928,0.05576379786944017,0.18520945329219102,0.6159084022045136,0.01720655048266053,0.08310763277113438,0.963705986738205,neutral,0.6159084022045136
Harakiri,0.05172253376804292,0.47993429414927957,0.11504732323810458,0.022873297845944763,0.18235914390534164,0.09710789443925023,0.05095556773012504,0.21722258925437926,disgust,0.47993429414927957
Harry Potter and the Deathly Hallows: Part 2,0.03824018177110702,0.09163208057871089,0.09085148325539194,0.24935518195852638,0.22986104637384414,0.23014831487089396,0.06991170474793762,0.5534542918205261,joy,0.24935518195852638
Heat,0.10731380577199161,0.07436778324190527,0.05156490165973082,0.03300959041807801,0.37834649365395306,0.13992673894390464,0.2154706884175539,0.5419935464859009,neutral,0.37834649365395306
High and Low,0.06588101370090788,0.11623902792449702,0.06362573761196638,0.08247104062783447,0.4973388043316928,0.017385270023210483,0.157059108838439,0.6274992661042647,neutral,0.4973388043316928
Hotel Rwanda,0.009328946808818728,0.054406049789395186,0.08220410861831624,0.5925923139788211,0.17242201738990842,0.014289351785555482,0.07475719264475629,0.79899001121521,joy,0.5925923139788211
How to Train Your Dragon,0.0840789784444496,0.022540635347831996,0.060976490855682644,0.3342098366469145,0.2937164004892111,0.10506685301661492,0.09941079653799534,0.5996148824691773,joy,0.3342098366469145
Howl's Moving Castle,0.011618289080533114,0.10272184242917733,0.13649314001668245,0.1813380247913301,0.4174370115453547,0.03801322167485275,0.11237847561609339,0.6362162286585028,neutral,0.4174370115453547
Ikiru,0.02715856694849208,0.11837267722003161,0.0214937353215646,0.26911397885996846,0.2745501296594739,0.07294991509988905,0.21636098087765276,0.9565605998039246,neutral,0.2745501296594739
In the Name of the Father,0.31349218264222145,0.3116266308352351,0.09270834017079324,0.04142054666299373,0.17529910197481513,0.04756374722346664,0.01788941625854932,0.17824217081069946,anger,0.31349218264222145
Incendies,0.20150900720618664,0.08224405900109559,0.24205228770151735,0.05685857345815748,0.1976492644753307,0.06593511982355267,0.15375171680934727,0.3919105589389801,fear,0.24205228770151735
Inception,0.025178490811958908,0.10715796644799411,0.1275258373701945,0.09184145759791136,0.5427730184048414,0.018200396653264762,0.08732285676524043,0.3517214298248291,neutral,0.5427730184048414
Indiana Jones and the Last Crusade,0.0325314422476698,0.05450487344271757,0.0885302636412565,0.30931158406151965,0.3913276395337148,0.031470782821998,0.092323423193937,0.8140768137845126,neutral,0.3913276395337148
Inglourious Basterds,0.03654083888977766,0.09570560915480283,0.0922642662295733,0.17064562015531753,0.4305525350977074,0.09417142628014764,0.08011968317441642,0.4554007595235651,neutral,0.4305525350977074
Inside Out,0.06483171901199966,0.09510426978813484,0.029575208108872174,0.41469616529066117,0.32884146776050327,0.008603277057409287,0.05834790961816907,0.7921597361564636,joy,0.41469616529066117
Interstellar,0.013862747783687982,0.023816025519574232,0.06398345245344733,0.20572405600581656,0.5612928352572701,0.032784702933647415,0.09853616966442628,0.9448261206800287,neutral,0.5612928352572701
It's a Wonderful Life,0.013523208760571752,0.17769221070391888,0.15441020814151588,0.1454482959604568,0.34385250847448,0.12132001414217732,0.043753585714677516,0.43158885023810645,neutral,0.34385250847448
Jai Bhim,0.16867287941277026,0.4712520599365234,0.02927101943641901,0.021609845780767502,0.2843886261805892,0.017991603165864945,0.006813952978700399,0.6646472156047821,disgust,0.4712520599365234
Jaws,0.025577247763673466,0.028741338600715,0.47519061538494295,0.21178750100079924,0.23415612222419846,0.006237793920768632,0.01830937314985527,0.9747836589813232,fear,0.47519061538494295
Joker,0.1929891571868211,0.14404883896932005,0.05179436872713268,0.1270819152938202,0.30746215879917144,0.15623443452641367,0.020389118627645076,-0.016587167978286743,neutral,0.30746215879917144
Judgment at Nuremberg,0.09400792212479493,0.36692701701328834,0.1643593557475304,0.08787543524522334,0.23813005481761965,0.022696777268058875,0.026003446694548158,0.2806413227861578,disgust,0.36692701701328834
Jurassic Park,0.009430809306319465,0.02028075796128674,0.3226111376954412,0.19938105892982672,0.32554604011503135,0.04288211657496339,0.07986808619038625,0.7949271852319891,neutral,0.32554604011503135
Kill Bill: Vol. 1,0.06598465779626911,0.12369826395826583,0.19265605623579837,0.06789842772890221,0.48608135034076194,0.01006192925640128,0.05361929757054895,-0.2462549155408686,neutral,0.48608135034076194
Klaus,0.0827396641834639,0.14587147424463182,0.07469817099045031,0.25495318302419034,0.29958637841045854,0.12267942589242012,0.019471733074169606,0.17876081466674804,neutral,0.29958637841045854
L.A. Confidential,0.04705960426310247,0.2016132925425402,0.09854361886920576,0.125909036279402,0.38211686231873254,0.07474241204644469,0.07001515583727848,0.3230683153325861,neutral,0.38211686231873254
La haine,0.2156937382183969,0.17033136850222946,0.15690073668956755,0.07274886684026569,0.24352395609021188,0.12629853850230574,0.014502804062794894,0.7890188276767731,neutral,0.24352395609021188
Lawrence of Arabia,0.03189549100881612,0.03744578467343341,0.060700046152553776,0.16643222167410635,0.4657988323068077,0.16555858564309098,0.07216905103996396,0.4218567230484702,neutral,0.4657988323068077
Life Is Beautiful,0.025900964212434537,0.10698893763632937,0.02322075692725114,0.4832089020108635,0.2399653706868941,0.09027786421674219,0.030437207738445562,0.9759787104346536,joy,0.4832089020108635
Like Stars on Earth,0.03520844437562945,0.06784683151636273,0.014521594037598168,0.2521486394107342,0.40089611658318475,0.12575433659367263,0.10362402684139935,0.7914094979112799,neutral,0.40089611658318475
"Lock, Stock and Two Smoking Barrels",0.025341230571608652,0.050680023745041,0.030189160675614734,0.25185384980233555,0.38600466095588426,0.035289162981577894,0.22064194066280668,0.14276006005027078,neutral,0.38600466095588426
Logan,0.05601944644004107,0.09616372217424214,0.06657947595231235,0.06823855484835803,0.45793499872088433,0.15504447384737433,0.10001933744642884,0.9889228820800782,neutral,0.45793499872088433
Léon: The Professional,0.067106289005923,0.13926871015097608,0.031475405166433615,0.18304962728341873,0.4136118797416037,0.13511735228398306,0.030370741193606096,0.46140802990306506,neutral,0.4136118797416037
M,0.02122065154835582,0.1861898999311961,0.3595226546516642,0.04068494422826916,0.2245890852762386,0.042527356918435545,0.12526540770195424,0.18293364048004152,fear,0.3595226546516642
Mad Max: Fury Road,0.05876832869835198,0.13663972313515843,0.04055909257149324,0.096954017248936,0.3458200417459011,0.14110830544959754,0.18015047231456266,0.0049315690994262695,neutral,0.3458200417459011
Maharaja,0.02737436278257519,0.08157802920322865,0.0885098302969709,0.2534199871122837,0.36730502396821973,0.010270350775681437,0.1715424157679081,0.9552651584148407,neutral,0.36730502396821973
Mary and Max,0.011699841939844191,0.1575966817792505,0.004599232558393851,0.4068416544236243,0.33570693377405403,0.04008540604263544,0.04347020772984252,0.6495086491107941,joy,0.4068416544236243
Memento,0.06531664924696087,0.10804374432191252,0.1285804497078061,0.034114433103241026,0.46267559099942446,0.04477903760271147,0.15649009672924877,0.27416152954101564,neutral,0.46267559099942446
Memories of Murder,0.03742350253742188,0.11469246863853186,0.20569593627005817,0.11933886252809316,0.29112152438610794,0.033177320333197716,0.1985503654112108,0.7956418812274932,neutral,0.29112152438610794
Metropolis,0.020584877603687345,0.04866165242274292,0.17337034284719266,0.15239503770135343,0.4356797864660621,0.09083989303326234,0.07846840545535087,0.6266244649887085,neutral,0.4356797864660621
Million Dollar Baby,0.01757332753040828,0.07394139781827107,0.09240417417604477,0.22812114325352012,0.34147571958601475,0.16059349668212236,0.0858907298068516,0.8012408196926117,neutral,0.34147571958601475
Modern Times,0.01171013223938644,0.11378163332119584,0.05830850644799119,0.22345589473843575,0.4938391081311486,0.06415093994953415,0.034753784092820504,0.4999340284954418,neutral,0.4938391081311486
"Monsters, Inc.",0.012554038409143686,0.0643718799808994,0.38479953361675145,0.20746431252919137,0.26139469975605606,0.010342663247138261,0.059072898630984125,0.5653842389583588,fear,0.38479953361675145
Monty Python and the Holy Grail,0.021123238373547792,0.12478137058629231,0.004955364020795308,0.26309264688329265,0.4972304200584238,0.017001121982254765,0.07181583776731383,0.25660396164113825,neutral,0.4972304200584238
Mr. Smith Goes to Washington,0.03070410550571978,0.08673817885573953,0.03781562858493999,0.25397735938895494,0.24725373671390116,0.20234900559298694,0.14116200059652328,0.44978500008583067,joy,0.25397735938895494
My Father and My Son,0.027927650179481133,0.1612319629639387,0.015261000645114108,0.12005518645746634,0.13282146072015166,0.5302390403114259,0.012463725614361465,0.9936543762683868,sadness,0.5302390403114259
My Neighbor Totoro,0.007802843884564936,0.010151971084997057,0.03452007356681861,0.5493000685237348,0.3155147278681397,0.04027808529790491,0.042432207125239076,0.9706609725952149,joy,0.5493000685237348
Network,0.18427787208929658,0.09832791179152471,0.1495444047863462,0.14693517267837056,0.2421336801988738,0.141121400137698,0.03765955204809351,0.986578277179173,neutral,0.2421336801988738
No Country for Old Men,0.018511641781184484,0.13743532906201752,0.09078173970126292,0.09856009976515039,0.37417844869196415,0.18289968456056985,0.09763303409669209,0.09384879740801724,neutral,0.37417844869196415
North by Northwest,0.013229976006021554,0.022344642382284455,0.05362242730122737,0.3301192472096194,0.41324130970646034,0.00864388685758141,0.15879850216548552,0.4850166602568193,neutral,0.41324130970646034
Oldboy,0.14376526325941086,0.10653290590271354,0.024025699601043015,0.08533993440796621,0.2992832185700536,0.11160512678325177,0.22944785866420717,0.763811218738556,neutral,0.2992832185700536
On the Waterfront,0.09495424591004849,0.25266890935599806,0.03952120114117861,0.030674534605350346,0.4269702859222889,0.1437709091929719,0.01143988425610587,0.36979869604110716,neutral,0.4269702859222889
Once Upon a Time in America,0.04315766899592497,0.1156536058776758,0.030891579618169504,0.12818233333316378,0.36202051219615067,0.22944801548411223,0.09064626531802457,0.3069880658929998,neutral,0.36202051219615067
Once Upon a Time in the West,0.021881910421970217,0.05889225298200141,0.21292880627284336,0.16235910298895428,0.4341906515712088,0.03727447910403663,0.07247282649305734,0.631414689800956,neutral,0.4341906515712088
One Battle After Another,0.059364603451368486,0.10908803951249203,0.11521961108188737,0.06680911646055226,0.5357226343317465,0.08378298944708976,0.030013001058250666,0.47589273344386707,neutral,0.5357226343317465
One Flew Over the Cuckoo's Nest,0.05700459027535875,0.1709492062006823,0.05072543892840093,0.1412504626946016,0.4070623821832917,0.12906653038226068,0.04394139705056494,0.28214906562458386,neutral,0.4070623821832917
Oppenheimer,0.1371970362537964,0.03627990785224194,0.14769888559187,0.02588702101175758,0.5516113086857579,0.01400424095548012,0.08732158766890113,0.44267853823575104,neutral,0.5516113086857579
Pan's Labyrinth,0.032955269191668114,0.23081201391125267,0.5054621366699311,0.04424442133379423,0.12548845117403704,0.01915036909155209,0.04188733792398125,0.6245688958601519,fear,0.5054621366699311
Parasite,0.09584061668720097,0.06883344864472747,0.192175531538669,0.12722707968205213,0.3798977212049067,0.06815001314971596,0.06787561961682513,0.3999309718608856,neutral,0.3798977212049067
Paths of Glory,0.12799313231583007,0.26887514909983357,0.24495755711739714,0.05045231357904744,0.13102278212847357,0.030617048297162084,0.14608201769773255,0.45277165282856335,disgust,0.26887514909983357
Pirates of the Caribbean: The Curse of the Black Pearl,0.022854140917347235,0.17675844046541236,0.0868810757952319,0.15581966934471644,0.4519671865484931,0.07877625442448664,0.026943209157748657,-0.22856553034348923,neutral,0.4519671865484931
Platoon,0.06999598550610245,0.23817955870181323,0.3000886597437784,0.014685071166604757,0.2549250862095505,0.11243594833649695,0.009689691197127103,0.9954558610916138,fear,0.3000886597437784
Princess Mononoke,0.05416608656841246,0.02903544344007969,0.028288397726348856,0.2847456037151543,0.49111309444362466,0.027408170111646705,0.08524321832440117,0.2668086019429294,neutral,0.49111309444362466
Prisoners,0.04979808898642659,0.06001397888176143,0.16922870972193776,0.10389793508220464,0.45890852697193624,0.06234684935770929,0.0958058879710734,0.3430946171283722,neutral,0.45890852697193624
Psycho,0.0188035067752935,0.07701590827200562,0.4863487418508157,0.01534655150026083,0.2663941881619394,0.011504250904545188,0.12458682698197662,-0.007298856973648071,fear,0.4863487418508157
Pulp Fiction,0.035609371134672656,0.07384082655930384,0.23345082028853623,0.2133253891105679,0.37850890071554616,0.020598859335719186,0.04466582199727947,0.46435269984332,neutral,0.37850890071554616
Raging Bull,0.20890216265494624,0.1676030586887565,0.2218496528091944,0.10315447733349477,0.11783629454051454,0.04649732089860158,0.13415706381460446,0.08260383870866564,fear,0.2218496528091944
Raiders of the Lost Ark,0.023887629557231612,0.16563598995774306,0.16825581299649042,0.20459485111165454,0.31245053481225943,0.011418447078374977,0.113756748075089,0.6238252141258933,neutral,0.31245053481225943
Ran,0.06074621332809329,0.11171489199623466,0.1672135271364823,0.14135719512123615,0.4303086459636688,0.06129705342464149,0.027362487046048045,0.3964311182498932,neutral,0.4303086459636688
Rashomon,0.055664623656775804,0.12070050900802017,0.11687331991270185,0.06342668042052538,0.4609437186270952,0.15084043121896684,0.031550723616965114,0.762720662355423,neutral,0.4609437186270952
Ratatouille,0.09334230707027018,0.1960294112795964,0.018291444692295045,0.13750179992057382,0.35370124951004983,0.04883497265400365,0.1522988096345216,0.6061182200908661,neutral,0.35370124951004983
Rear Window,0.13671892784027892,0.1769825163593685,0.13720082555135543,0.1544122473569587,0.3310862996361472,0.018151620656929233,0.045447599100456995,0.2965969280763106,neutral,0.3310862996361472
Requiem for a Dream,0.08541669718794186,0.045361480516889555,0.15657285347961905,0.055486686072650955,0.260702956171537,0.3108172760006379,0.08564201812259853,0.4137933579358188,sadness,0.3108172760006379
Reservoir Dogs,0.09872731414030898,0.1162835513241589,0.1255254554985599,0.13204011557073417,0.4099702916362069,0.01421838461167433,0.1032348679039966,0.8173602602698586,neutral,0.4099702916362069
Rocky,0.02886779410764575,0.1457670468837023,0.05241001105168834,0.08196950781857595,0.4521096870303154,0.12429222641512752,0.11458373051136732,0.7835718095302582,neutral,0.4521096870303154
Room,0.025916964979842305,0.30072177392430605,0.14700913948472588,0.02044972716830671,0.30906624123454096,0.06661969544366002,0.1302164525957778,0.6053855299949646,neutral,0.30906624123454096
Rush,0.09196858727373183,0.029520740220323204,0.13180088587105274,0.2643457966856658,0.34212735295295715,0.059478796017356214,0.0807578512467444,0.9990001738071441,neutral,0.34212735295295715
Saving Private Ryan,0.1344001407904381,0.1930593221702359,0.16185750166716223,0.042413453111128714,0.34132850441065704,0.0956320143093101,0.03130909360267899,0.9572301561182196,neutral,0.34132850441065704
Scarface,0.12647333294153212,0.5419514406472444,0.02956485969480127,0.05564180855290033,0.19554438777267932,0.03803585660643875,0.012788297852966934,0.7798533737659454,disgust,0.5419514406472444
Schindler's List,0.08176097068512304,0.25184957803735003,0.247940590668639,0.04625704636881975,0.25073920901526103,0.04569374507462436,0.07575885157778182,0.5996203585104509,disgust,0.25184957803735003
Se7en,0.017323001730255784,0.15234498654026538,0.3950863488018513,0.009071938158012927,0.06476380587555468,0.2555322466068901,0.10587769020348788,0.5897176444530488,fear,0.3950863488018513
Seven Samurai,0.0132564716887745,0.03841465796259316,0.02794750157574361,0.2439422139220617,0.5735538087107919,0.0416110028216446,0.06127434046092359,0.4500812888145447,neutral,0.5735538087107919
Sherlock Jr.,0.10806170718278736,0.0348987877368927,0.012770207738503814,0.16674648355692626,0.45526228491216897,0.007138462516013533,0.21512204837054014,0.570941436290741,neutral,0.45526228491216897
Shutter Island,0.027263242105784066,0.18383725999261846,0.36669028376821766,0.05538269958924502,0.28053351339291444,0.02864944464950399,0.057643566534600475,0.23976035009730945,fear,0.36669028376821766
Singin' in the Rain,0.01443572475744242,0.029266222660556774,0.028035534970430574,0.40441649963825266,0.25735760120336304,0.098382252861153,0.16810615208338608,0.7759155414321206,joy,0.40441649963825266
Snatch,0.012431011395528912,0.04048710528295487,0.12686840899987145,0.2686941349413246,0.4254545301198959,0.062133877095766364,0.06393092456273734,0.19675658345222474,neutral,0.4254545301198959
Some Like It Hot,0.020609496838667175,0.04340407916937362,0.04718201643977822,0.24918826618655163,0.5072316889735785,0.028752057008783926,0.10363239837302403,0.33760940486734564,neutral,0.5072316889735785
Spider-Man: Across the Spider-Verse,0.012798257341439074,0.06752616178710014,0.11266248091123998,0.20247807163237172,0.49366366321390326,0.015384988287802447,0.0954863525588404,0.8080896951935508,neutral,0.49366366321390326
Spider-Man: Into the Spider-Verse,0.012223887172612276,0.035752146748233245,0.17081229510420765,0.1462771147701212,0.4827408352866769,0.015207423786209389,0.13698627141473646,0.4882637153972279,neutral,0.4827408352866769
Spider-Man: No Way Home,0.123471449338831,0.017207623209105804,0.023334834922570734,0.243578277452616,0.38538849307224154,0.08584276160690933,0.12117657120106742,0.5909375727176667,neutral,0.38538849307224154
Spirited Away,0.08006099323657426,0.18912387662567198,0.04412897568280724,0.15179032874716955,0.30482081696391106,0.09860833543776111,0.13146673532372172,0.6350984031503851,neutral,0.30482081696391106
Spotlight,0.050807321164757016,0.17822472974658013,0.12944171200506388,0.08382108651567251,0.47675019316375256,0.06047602011822164,0.020478947716765106,0.38736369609832766,neutral,0.47675019316375256
Stand by Me,0.03563565694494173,0.10470452741719782,0.07013478798326105,0.1311370805837214,0.25289447940886023,0.3041049608029425,0.10138852021191269,0.9998189508914948,sadness,0.3041049608029425
Star Wars: Episode IV - A New Hope,0.03880474974655292,0.020939443323930555,0.010934674075211991,0.13309160272844814,0.7050492302937941,0.011525412068956277,0.07965488477864048,0.9772872924804688,neutral,0.7050492302937941
Star Wars: Episode V - The Empire Strikes Back,0.013178764842450619,0.020414626448076557,0.020811868376437236,0.25627648356285965,0.6363871818916365,0.011208381757817486,0.041722674896432596,0.5927966778928583,neutral,0.6363871818916365
Star Wars: Episode VI - Return of the Jedi,0.09160776214081455,0.13270102352411908,0.0937862693945962,0.05465822870081121,0.3753173524429175,0.18160555031235245,0.0703238006892868,0.14177970452742142,neutral,0.3753173524429175
Sunset Boulevard,0.09986484872007911,0.2702000764283267,0.07489967538805847,0.16986688868862324,0.30630975661121984,0.04998567124659365,0.028873066513121805,0.6108202338218689,neutral,0.30630975661121984
Taxi Driver,0.07160109488970855,0.20821018804880706,0.16375646998428486,0.010634730474769392,0.42286297772079706,0.09098951804282313,0.03194501274265349,-0.1315778439695185,neutral,0.42286297772079706
Terminator 2: Judgment Day,0.01736777601763606,0.03859864463183013,0.09697444835381414,0.18483663206412035,0.5454259853471409,0.013278886252506212,0.10351762799969451,0.12492777000774037,neutral,0.5454259853471409
The Apartment,0.0236436600680463,0.2518393341875212,0.015378822255032983,0.19101840056563643,0.26209736022759567,0.11385853605514223,0.14216386700387706,0.4292388991876082,neutral,0.26209736022759567
The Battle of Algiers,0.01598517787642777,0.20131028229370712,0.2833999854978174,0.14847413687966765,0.3084181942977011,0.0168971779756248,0.025515058205928653,0.9901541829109192,neutral,0.3084181942977011
The Best Years of Our Lives,0.008954998734407128,0.05334388082846999,0.08065180472331121,0.23724186681210996,0.45077130794525144,0.13958633528091013,0.02944977874867618,0.8043055593967438,neutral,0.45077130794525144
The Best of Youth,0.009657386055385525,0.031069218604402107,0.10585554582278499,0.25465286937965587,0.465761661529541,0.04330644104629755,0.08969687330748209,0.4789192947474393,neutral,0.465761661529541
The Big Lebowski,0.06835702760145068,0.27373262238688767,0.13697198256850243,0.044860564172267914,0.348683862015605,0.0926133677829057,0.03478056022431701,-0.389926415681839,neutral,0.348683862015605
The Bridge on the River Kwai,0.11398461076896638,0.14580228767590597,0.18478224247228353,0.1950152048957534,0.2610592708457261,0.05675295279361307,0.042603428545407954,0.5987592041492462,neutral,0.2610592708457261
The Chaos Class Failed the Class,0.01082428000782701,0.021240227432413536,0.011284228382547471,0.3441242958334359,0.5236368721181696,0.04911133333701979,0.03977878713472323,-0.09354487332430753,neutral,0.5236368721181696
The Dark Knight,0.044512062762144276,0.11022922564932908,0.16321530889994887,0.14058225534178995,0.3642463330179453,0.1059087917885997,0.07130604829977859,0.6083552458069541,neutral,0.3642463330179453
The Dark Knight Rises,0.01731337026946924,0.023026352261447093,0.19682406867981295,0.05655326656150547,0.5692410475828431,0.040688901504671034,0.09635298893871633,0.4575731808489019,neutral,0.5692410475828431
The Deer Hunter,0.011045311426278204,0.2395053560845554,0.18483483721502125,0.060709940083324906,0.34253047574311496,0.15284707909449935,0.008527029061224312,0.7973743796348571,neutral,0.34253047574311496
The Departed,0.017948255006393247,0.09751379398883066,0.12063098814211447,0.23472510172392835,0.3998743859543042,0.09029918312179772,0.03900828521529382,0.810425341129303,neutral,0.3998743859543042
The Elephant Man,0.016057584032585673,0.12499459636058997,0.0598392350260507,0.05729408305011351,0.4721160381185738,0.06827030064199459,0.20142817840149457,0.6275101845914667,neutral,0.4721160381185738
The Exorcist,0.011768349108751863,0.07631778134964406,0.6853052534162998,0.0643326469231397,0.12619150010868907,0.021204543497879057,0.014879922685213386,0.9960859775543213,fear,0.6853052534162998
The Father,0.03554323469288647,0.019170193979516626,0.3196694265701808,0.14473156863823533,0.2239206676487811,0.18107623835094272,0.07588865640573203,0.39637678265571596,fear,0.3196694265701808
The General,0.04521060883998871,0.129130198713392,0.052963148802518845,0.20634608403779567,0.4060019329190254,0.046388891292735934,0.11395914275199175,0.5718965113162995,neutral,0.4060019329190254
The Godfather,0.11559218138625676,0.2570202660069547,0.08781441759360446,0.0594544046219777,0.35540870170701633,0.013483247486874461,0.11122676202053712,0.4522848237644542,neutral,0.35540870170701633
The Godfather Part II,0.1281275085004216,0.05967268470505422,0.11074137652758509,0.16553616055435585,0.32056988504799927,0.1398129654540257,0.07553941919468343,0.801477085460316,neutral,0.32056988504799927
The Gold Rush,0.01892950418405235,0.08417532038874924,0.08808882226003334,0.12255037943832577,0.4468356201425195,0.0653636114555411,0.17405674196779727,0.5671131610870361,neutral,0.4468356201425195
"The Good, the Bad and the Ugly",0.04342625302855264,0.1683259752409702,0.23171020523560318,0.04468866084194319,0.27553923936052754,0.16044358231804587,0.07586604936725715,0.6450077457861467,neutral,0.27553923936052754
The Grand Budapest Hotel,0.018749058723915368,0.11564670433290303,0.031053948524640874,0.4623027542838827,0.22235976005904376,0.09200993683189154,0.057877810462377964,0.6033057332038879,joy,0.4623027542838827
The Grapes of Wrath,0.006539268093183637,0.0591037942096591,0.2013152715517208,0.21404570853337646,0.37277816934511065,0.11722693289630115,0.028990862984210254,0.9996483266353607,neutral,0.37277816934511065
The Great Dictator,0.022746339355680077,0.16065245041285048,0.12180327387018637,0.0872812404889952,0.3960708278146657,0.1693258281712505,0.042120042511008,0.7820027470588684,neutral,0.3960708278146657
The Great Escape,0.015092611249366944,0.05148691104047678,0.013283294191668656,0.38558135503395036,0.46000510962171987,0.02578402975235473,0.04876668761822988,0.7727967446500604,neutral,0.46000510962171987
The Green Mile,0.11673701848750087,0.13616415072994476,0.10510589029978622,0.17066104386255823,0.38486807386983524,0.04971339981156317,0.036750424674458125,0.9762688279151917,neutral,0.38486807386983524
The Handmaiden,0.006136662675999105,0.007420596631709487,0.03808218700578436,0.3702810680493712,0.27665867786854503,0.004695278173312545,0.29672554419375957,0.9998648405075073,joy,0.3702810680493712
The Help,0.02641972219571471,0.16733932057395579,0.07518899021670222,0.3909157154848799,0.2963902989402413,0.02285393965430558,0.020892002526670693,0.6184327244758606,joy,0.3909157154848799
The Hunt,0.20835688724182547,0.11590694732731208,0.03149479487910867,0.15045722897630184,0.3527045679278672,0.09577198042534292,0.04530759768094868,0.5933792889118195,neutral,0.3527045679278672
The Incredibles,0.005549477064050734,0.008899700990878046,0.003597219972289167,0.6090991824865342,0.28266241438686845,0.011307689128443599,0.07888433081097901,0.9997059166431427,joy,0.6090991824865342
The Intouchables,0.09275390268091789,0.1595486014901491,0.07226469601896084,0.19358501257374883,0.28470544589006086,0.09631690268658778,0.10082542537499896,0.09771661866794933,neutral,0.28470544589006086
The Iron Giant,0.01973634185269475,0.030464830179698765,0.08229566867812536,0.33932173578068614,0.3324379902333021,0.17895202115178108,0.01679140478372574,0.9994610905647278,joy,0.33932173578068614
The Kid,0.022192258713766934,0.1741472575813532,0.020382418786175548,0.2536304411012679,0.3302325874567032,0.14173650098964571,0.05767857660539448,0.9528984725475311,neutral,0.3302325874567032
The Lion King,0.10952081443445588,0.12907910452816973,0.02208319293673743,0.061839009783315385,0.37898109294474125,0.22241754525087096,0.07607924095778303,0.11547726934606378,neutral,0.37898109294474125
The Lives of Others,0.023890004683793944,0.10764934397725896,0.2104596298992295,0.08397196148606864,0.440663393586874,0.09182744507085193,0.041538234588436106,0.8132794336839155,neutral,0.440663393586874
The Lord of the Rings: The Fellowship of the Ring,0.028106770435856146,0.03921450261788612,0.1573437468402765,0.1599928986450488,0.5016113479029048,0.012293490030887451,0.10143725243820385,0.8006744655695829,neutral,0.5016113479029048
The Lord of the Rings: The Return of the King,0.07603645902021196,0.029980015284805137,0.11642349637325176,0.09761957510967147,0.3324140225621787,0.17740039925344966,0.17012605399147354,0.1465151093222878,neutral,0.3324140225621787
The Lord of the Rings: The Two Towers,0.1390537199860608,0.040836293980563904,0.18442589370533824,0.19846265733411367,0.3767534883862192,0.012413304320282557,0.048054684842513365,0.4991209723732688,neutral,0.3767534883862192
The Matrix,0.12654096391052008,0.11787950240541249,0.06905532737728208,0.05416673123836517,0.5511749971657991,0.01594438625033945,0.0652380802668631,0.4043922245502472,neutral,0.5511749971657991
The Passion of Joan of Arc,0.01713785647880286,0.14941852428019048,0.21513663379009812,0.03954513273201883,0.4157479599118233,0.12033935929648579,0.042674539145082235,0.8113456666469574,neutral,0.4157479599118233
The Pianist,0.02003272256644612,0.17576952678659422,0.27813178046860476,0.05386680835561657,0.24334940500557423,0.16037927114997397,0.06847047547555783,0.4017681425268,fear,0.27813178046860476
The Prestige,0.017075934447348118,0.04651157600297169,0.03408687077039345,0.0525928705888377,0.5981577316468413,0.013860780269500207,0.23771422868594527,0.6060418757525358,neutral,0.5981577316468413
The Secret in Their Eyes,0.03509659006852995,0.1661710674789819,0.13727754807967524,0.2901232284070416,0.2698645676401528,0.024502564179287714,0.07696441442451694,0.9917807145552202,joy,0.2901232284070416
The Seventh Seal,0.017171628680080174,0.24457452818751335,0.2021608242765069,0.06304170807125047,0.1938577327877283,0.2501706447917968,0.0290229226462543,0.24099500179290773,sadness,0.2501706447917968
The Shawshank Redemption,0.03526982161301104,0.04161185288632458,0.0851842522282492,0.12170899324965748,0.52783763544126,0.13157325919548218,0.05681416752155532,0.729468356479298,neutral,0.52783763544126
The Shining,0.007606665169904855,0.03058864324438301,0.6131904026578096,0.0649109596640549,0.18616139334203166,0.06792918656190688,0.029612799810076303,0.27432683923027734,fear,0.6131904026578096
The Silence of the Lambs,0.024722069343128664,0.1956139882941815,0.37919638729230926,0.07433287078641694,0.2834371904503893,0.015175692694769665,0.027521778670647604,0.2744081291285428,fear,0.37919638729230926
The Sixth Sense,0.028336849037176846,0.02629019431134855,0.5007890916260128,0.04756814281625504,0.2648310637609525,0.023370198566805233,0.10881444079462778,0.42497841878370807,fear,0.5007890916260128
The Sound of Music,0.035705679655075075,0.22637415546923875,0.2988610064610839,0.06920496970415116,0.16864716708660127,0.12382321027107537,0.07738382321549579,0.061872202157974246,fear,0.2988610064610839
The Sting,0.06571117255371065,0.09021604997105896,0.01757941990508698,0.3486865089274943,0.35396900661289693,0.10263018750119954,0.021207659388892353,0.6232045412063598,neutral,0.35396900661289693
The Terminator,0.027687872387468816,0.12653926624916495,0.022524384316056967,0.050214778166264296,0.6541860267519951,0.010436905617825686,0.10841080085374415,0.2019791603088379,neutral,0.6541860267519951
The Thing,0.013326311472337694,0.15449678525328636,0.3846211156109348,0.014255425392184407,0.3604004935361445,0.05560363573022187,0.017296253843232988,-0.19443708062171935,fear,0.3846211156109348
The Third Man,0.015775637212209405,0.027301036519929767,0.3021796960150823,0.2299991981475614,0.20967427459545435,0.11409676882904023,0.10097338953055442,0.7918075859546662,fear,0.3021796960150823
The Treasure of the Sierra Madre,0.04466162304478613,0.12426227496259591,0.05213108095763759,0.090300709834661,0.5453857682983984,0.11221135505051776,0.031047162218866022,0.6421643495559692,neutral,0.5453857682983984
The Truman Show,0.009638321670618925,0.03361634766174988,0.09349584592167627,0.21336550154426898,0.4334203437478705,0.011274591913785447,0.20518906135112047,0.9711477919058367,neutral,0.4334203437478705
The Usual Suspects,0.07551071807657453,0.09624099168418483,0.17297509452328086,0.03583278837190433,0.5638739514079961,0.017839603549377483,0.03772683797234839,0.09284793788736517,neutral,0.5638739514079961
The Wages of Fear,0.02085074335336685,0.06592921873088926,0.6944554671645164,0.008075853472109883,0.1406225532758981,0.009341627894900738,0.06072451724903658,0.19830419421195983,fear,0.6944554671645164
The Wild Robot,0.016141433746088295,0.05348913145717234,0.01763677505077794,0.33472625247668475,0.4078363046050072,0.047942428896203634,0.12222769316285849,0.6344875454902649,neutral,0.4078363046050072
The Wizard of Oz,0.004906400851905346,0.08188853431493044,0.11420722069451586,0.27957321628928183,0.4325440049171448,0.044537391792982814,0.042343226913362744,0.9998264491558075,neutral,0.4325440049171448
The Wolf of Wall Street,0.034362321719527245,0.3708456929095767,0.04474791757423769,0.2101843562823805,0.19263387778350574,0.08148328097410161,0.06574256960514256,0.30699795484542847,disgust,0.3708456929095767
There Will Be Blood,0.026869194031777708,0.18952051490883937,0.32505229576914146,0.0704836977158927,0.3392376286739653,0.01531105674803257,0.033525591250509024,0.12002060630104759,neutral,0.3392376286739653
"Three Billboards Outside Ebbing, Missouri",0.1586572831623595,0.1048293660225516,0.09894752417775718,0.020072243303399195,0.13430195390670138,0.35311988939065486,0.13007174926513637,0.07861167192459106,sadness,0.35311988939065486
To Be or Not to Be,0.011626835726201535,0.06594365574419499,0.009841583541128785,0.6002515308558941,0.21251197028905153,0.08629926797002554,0.01352515451144427,0.9984001457691193,joy,0.6002515308558941
To Kill a Mockingbird,0.00787235613362017,0.04100423942277716,0.09691497875610366,0.2234793396412649,0.2532030940902504,0.2708174665035172,0.10670851721343669,0.4682695107026534,sadness,0.2708174665035172
Tokyo Story,0.02536570730153471,0.053756123222410676,0.053598918591160324,0.20271452767774462,0.4478822896257043,0.2051106142345816,0.011571795912459493,0.7351259112358093,neutral,0.4478822896257043
Top Gun: Maverick,0.01121818163135851,0.04457011097110808,0.052812576378611004,0.2086657208644531,0.5246925293044611,0.10135570407675748,0.05668516584079374,0.518125214359977,neutral,0.5246925293044611
Toy Story,0.050783710461109875,0.18208813974633814,0.028263721731491387,0.09255388188175857,0.29867516839876773,0.1035069837467745,0.24412839752621948,0.3836795210838318,neutral,0.29867516839876773
Toy Story 3,0.023478319360451264,0.028870956591245802,0.10706973588094115,0.13313312447545203,0.45005143603140657,0.07165168818425048,0.185744736131958,0.10942477529699152,neutral,0.45005143603140657
Trainspotting,0.0572771480306983,0.24463484778534622,0.07823410504497588,0.16306334985420107,0.2736520431935787,0.15039153480902315,0.032746971724554895,0.4187535226345062,neutral,0.2736520431935787
Unforgiven,0.13716587242670358,0.3654058194719255,0.13193390043452383,0.0071353530103806405,0.1586784670362249,0.18990503330715,0.009775516035733744,0.5886444747447968,disgust,0.3654058194719255
Up,0.025697065819986164,0.12710444156546147,0.09821950257755815,0.14585406584665178,0.3918196387588978,0.12677235007286072,0.08453291929326952,0.8293525278568268,neutral,0.3918196387588978
V for Vendetta,0.20601809705840424,0.10488303564488888,0.08603844046592712,0.13953501032665372,0.2674538997001946,0.10315054233651608,0.09292095922864974,0.058687460422515866,neutral,0.2674538997001946
Vertigo,0.013037955539766699,0.04167771507054567,0.4225227289367467,0.05947726081358269,0.3508654206991196,0.07723028967157006,0.03518865262158215,0.7179273843765259,fear,0.4225227289367467
WALL·E,0.012998520216206089,0.02624953120248392,0.14547635278431698,0.17445376636460425,0.3751668520271778,0.12406238785479218,0.1415925797773525,0.4812484264373779,neutral,0.3751668520271778
Warrior,0.07744303354993462,0.1070445797406137,0.11109327577287331,0.1511934671085328,0.3222810000181198,0.12907940144650637,0.10186523911543191,0.40799281001091003,neutral,0.3222810000181198
Whiplash,0.07524221744388342,0.18985239663161338,0.1005592972273007,0.15806882940232753,0.32307867892086506,0.09709957712329924,0.05609899538103491,0.993904572725296,neutral,0.32307867892086506
Wild Strawberries,0.01807288536801934,0.11793356365524232,0.12189880802761763,0.29619224095949903,0.2868426972068846,0.14228931004181505,0.016770464833825827,0.6086241662502289,joy,0.29619224095949903
Wild Tales,0.2480551502201706,0.12213071901351213,0.12000008465256543,0.17399629902211017,0.21659741066396238,0.10799372866749764,0.011226597800850868,0.7878309965133667,anger,0.2480551502201706
Witness for the Prosecution,0.10665123784829947,0.09620779334694486,0.07510301332116466,0.1899371461900459,0.3264580970122056,0.08703462459908967,0.11860809778921645,0.47254596515135333,neutral,0.3264580970122056
Yojimbo,0.026812239876016976,0.14957385193556547,0.1563276314525865,0.13600702352123334,0.45395399779081347,0.04752222187817097,0.02980298432521522,-0.16723499298095704,neutral,0.45395399779081347
Your Name.,0.03651950845960528,0.043540547927841546,0.04223044234095141,0.29028918519616126,0.47288465648889544,0.020918172830715776,0.09361748155206442,0.749701988697052,neutral,0.47288465648889544
